Date,Description,Amount,Extended Details,Appears On Your Statement As,Address,City/State,Zip Code,Country,Reference,Category
07/22/2023,AplPay BT*DD *DOORDASAN FRANCISCO       CA,43.26,"3AF9GF7H    8559731040
AplPay BT*DD *DOORDASH GYROXPRES
SAN FRANCISCO
CA
8559731040",AplPay BT*DD *DOORDASAN FRANCISCO       CA,303 2ND ST STE 800,"SAN FRANCISCO
CA",94107,UNITED STATES,'320232030556790710',Restaurant-Restaurant
07/22/2023,AplPay MISSION DISTRSan Francisco       CA,21.68,"ZaJhmxJ6pTg squareup.com/receipts
AplPay MISSION DISTRICT
San Francisco
CA
squareup.com/receipts",AplPay MISSION DISTRSan Francisco       CA,3150 24TH ST,"SAN FRANCISCO
CA",94110,UNITED STATES,'320232030556611290',Restaurant-Restaurant
07/22/2023,AplPay ROSAMUNDE SAUSan Francisco       CA,27.20,"rv7vGhPMHLf squareup.com/receipts
AplPay ROSAMUNDE SAUSAGE GRILL
San Francisco
CA
squareup.com/receipts",AplPay ROSAMUNDE SAUSan Francisco       CA,2832 MISSION ST,"SAN FRANCISCO
CA",94110,UNITED STATES,'320232030567830542',Restaurant-Bar & Café
07/22/2023,AplPay THE HALAL GUYSANTA CLARA         CA,13.64,"66381544   10878401         95054
RESTAURANT
AplPay THE HALAL GUYS
SANTA CLARA
CA
RESTAURANT
10878401         95054",AplPay THE HALAL GUYSANTA CLARA         CA,2526 AUGUSTINE DR,"SANTA CLARA
CA",95054,UNITED STATES,'320232030557836017',Restaurant-Restaurant
07/21/2023,ABC*NYSC            NEW YORK            NY,73.14,"71094473202 888-827-9262
ABC*NYSC
NEW YORK
NY
888-827-9262",ABC*NYSC            NEW YORK            NY,128 8TH AVE,"NEW YORK
NY",10011,UNITED STATES,'320232020549784197',Other-Miscellaneous
07/21/2023,AplPay CHEVRON 03761SUNNYVALE           CA,5.18,"00376181 81 SERVICE STN
AplPay CHEVRON 0376181/CHEVRON
SUNNYVALE
CA
Description : CHEVRON Price : 0.00
Description : TAX Price : 0.00
SERVICE STN",AplPay CHEVRON 03761SUNNYVALE           CA,"CHEVRON CARD OPERATIONS
6001 BOLLINGER CANYON RD","SAN RAMON
CA",94583,UNITED STATES,'320232030567615697',Transportation-Fuel
07/21/2023,AplPay CHEVRON 03761SUNNYVALE           CA,59.63,"00376181 81 SERVICE STN
AplPay CHEVRON 0376181/CHEVRON
SUNNYVALE
CA
Description : CHEVRON Price : 0.00
Description : TAX Price : 0.00
SERVICE STN",AplPay CHEVRON 03761SUNNYVALE           CA,6001 BOLLINGER CP RD,"SAN RAMON
CA",94583,UNITED STATES,'320232030567614475',Transportation-Fuel
07/21/2023,AplPay STARBUCKS    800-782-7282        WA,25.00,"2LyOEnMjkRx 8007827282
AplPay STARBUCKS
800-782-7282
WA
Description : FAST FOOD REST. Price : 0.25
8007827282",AplPay STARBUCKS    800-782-7282        WA,2401 UTAH AVE SOUTH STE 800,"SEATTLE
WA",98134,UNITED STATES,'320232030557551146',Restaurant-Bar & Café
07/20/2023,AplPay BT*DD *DOORDASAN FRANCISCO       CA,26.85,"BCVM3Y8C    8559731040
AplPay BT*DD *DOORDASH GYROXPRES
SAN FRANCISCO
CA
8559731040",AplPay BT*DD *DOORDASAN FRANCISCO       CA,303 2ND ST STE 800,"SAN FRANCISCO
CA",94107,UNITED STATES,'320232010510470305',Restaurant-Restaurant
07/19/2023,AplPay CLIPPER SYSTECONCORD             CA,20.00,"00121099701 8778788883
AplPay CLIPPER SYSTEMS MOBILE #1 000007046
CONCORD
CA
Description : REFER TO RECEIPT Price : 0.00
8778788883",AplPay CLIPPER SYSTECONCORD             CA,"STE 900
1800 SUTTER ST","CONCORD
CA",94520,UNITED STATES,'320232020534697390',Other-Government Services
07/19/2023,AplPay WALGREENS    SAN FRANCISCO       CA,10.61,"99999993201 8002892273
AplPay WALGREENS
SAN FRANCISCO
CA
Description : PHARMACIES Price : 0.1061
8002892273",AplPay WALGREENS    SAN FRANCISCO       CA,135 POWELL ST,"SAN FRANCISCO
CA",94102,UNITED STATES,'320232010514508852',Merchandise & Supplies-Pharmacies
07/19/2023,ETOLLAVIS U475886180*800-4820159        NY,29.29,"T138516985 T138516985       85201
BUSINESS SERVICES
ETOLLAVIS U475886180
*800-4820159
NY
BUSINESS SERVICES
T138516985       85201",ETOLLAVIS U475886180*800-4820159        NY,-,"-
NY",11577,UNITED STATES,'320232000482103475',Other-Miscellaneous
07/18/2023,AplPay MISSION DISTRSan Francisco       CA,18.20,"9e8Evg3MDtg squareup.com/receipts
AplPay MISSION DISTRICT
San Francisco
CA
squareup.com/receipts",AplPay MISSION DISTRSan Francisco       CA,3150 24TH ST,"SAN FRANCISCO
CA",94110,UNITED STATES,'320231990456805341',Restaurant-Restaurant
07/18/2023,Interest Charge on Pay Over Time Purchases,96.20,Interest Charge on Pay Over Time Purchases,Interest Charge on Pay Over Time Purchases,,,,,'130719050000530067',Fees & Adjustments-Fees & Adjustments
07/17/2023,AplPay THE MISSION GSAN FRANCISC        CA,101.91,"000049406   4158298755
AplPay THE MISSION GROCERY OUTL 0000000003
SAN FRANCISC
CA
4158298755",AplPay THE MISSION GSAN FRANCISC        CA,1245 SOUTH VAN NESS AVE,"SAN FRANCISCO
CA",94110,UNITED STATES,'320231990456952135',Merchandise & Supplies-Groceries
07/16/2023,AplPay ARIA -  ELEMELAS VEGAS           NV,12.58,"703407     703407           89109
SMARTWATERALKALINEANTIOXIDXIDAN
ICEBREAKERMINTSDUOSTRAWBERWBERR
AplPay ARIA -  ELEMENTS
LAS VEGAS
NV
SMARTWATERALKALINEANTIOXIDXIDAN
ICEBREAKERMINTSDUOSTRAWBERWBERR
703407           89109",AplPay ARIA -  ELEMELAS VEGAS           NV,3730 SOUTH LAS VEGAS BLVD,"LAS VEGAS
NV",89158-4300,UNITED STATES,'320231970411218384',Merchandise & Supplies-General Retail
07/16/2023,AplPay BLENDID      San Francisco       CA,9.23,"DLx8l7AlDik squareup.com/receipts
AplPay BLENDID
San Francisco
CA
squareup.com/receipts",AplPay BLENDID      San Francisco       CA,150 GREENWICH ST,"SAN FRANCISCO
CA",94111,UNITED STATES,'320231970404387723',Other-Miscellaneous
07/16/2023,AplPay BURGER KING  LAS VEGAS           NV,7.09,"28807fea5fb28807FEA5FB21C7FB89111
AplPay BURGER KING
LAS VEGAS
NV
28807FEA5FB21C7FB89111",AplPay BURGER KING  LAS VEGAS           NV,5757 WAYNE NEWTON BLVD T3 DOMESTIC,"LAS VEGAS
NV",89111,UNITED STATES,'320231980440994299',Restaurant-Bar & Café
07/16/2023,AplPay HUDSONNEWS  SLAS VEGAS           NV,6.00,"716150026  716110026        89119
NEWS DEALERS/NEWSSTANDS
AplPay HUDSONNEWS  ST1028 1028
LAS VEGAS
NV
NEWS DEALERS/NEWSSTANDS
716110026        89119",AplPay HUDSONNEWS  SLAS VEGAS           NV,"LAS VEGAS DISTRIBUTION CE
1120 GRIER DRIVE","LAS VEGAS
NV",89119,UNITED STATES,'320231980440964241',Merchandise & Supplies-Book Stores
07/16/2023,AplPay STARBUCKS    800-782-7282        WA,25.00,"1bnUZaxifaD 8007827282
AplPay STARBUCKS
800-782-7282
WA
Description : FAST FOOD REST. Price : 0.25
8007827282",AplPay STARBUCKS    800-782-7282        WA,2401 UTAH AVE SOUTH STE 800,"SEATTLE
WA",98134,UNITED STATES,'320231980436998582',Restaurant-Bar & Café
07/16/2023,WHITTLESEABLUE 43684LAS VEGAS           NV,36.36,"900014048   7023827060
WHITTLESEABLUE 436845558158456
LAS VEGAS
NV
7023827060",WHITTLESEABLUE 43684LAS VEGAS           NV,2000 INUSTRIAL RD,"LAS VEGAS
NV",89102,UNITED STATES,'320231980428977613',Transportation-Taxis & Coach
07/15/2023,AplPay ARIA         LAS VEGAS           NV,23.44,"22814589   22814589         89109
RESTAURANT
AplPay ARIA
LAS VEGAS
NV
RESTAURANT
22814589         89109",AplPay ARIA         LAS VEGAS           NV,3730 LAS VEGAS BLVD SOUTH,"LAS VEGAS
NV",89158-4300,UNITED STATES,'320231960388802990',Restaurant-Restaurant
07/15/2023,AplPay ARIA - SUNDRILAS VEGAS           NV,9.78,"845744     845744           89109
QUESTBARCHOCCHIPCOOKIEDOUGDOUG
MENTOSMIXEDFRUIT15
AplPay ARIA - SUNDRIES EXPRESS
LAS VEGAS
NV
QUESTBARCHOCCHIPCOOKIEDOUGDOUG
MENTOSMIXEDFRUIT15
845744           89109",AplPay ARIA - SUNDRILAS VEGAS           NV,3730 LAS VEGAS BLVD SOUTH,"LAS VEGAS
NV",89158-4300,UNITED STATES,'320231970410961703',Merchandise & Supplies-General Retail
07/15/2023,AplPay PRESSED JUICELAS VEGAS           NV,12.50,"400765816   3104777171
AplPay PRESSED JUICERY - LAS 000000001
LAS VEGAS
NV
3104777171",AplPay PRESSED JUICELAS VEGAS           NV,3730 LAS VEGAS BLVD SOUTH,"LAS VEGAS
NV",89158,UNITED STATES,'320231970415927076',Restaurant-Bar & Café
07/15/2023,AplPay STARBUCKS    800-782-7282        WA,25.00,"VqAznfxzVhN 8007827282
AplPay STARBUCKS
800-782-7282
WA
Description : FAST FOOD REST. Price : 0.25
8007827282",AplPay STARBUCKS    800-782-7282        WA,2401 UTAH AVE SOUTH STE 800,"SEATTLE
WA",98134,UNITED STATES,'320231970410189343',Restaurant-Bar & Café
07/14/2023,AplPay ARIA         LAS VEGAS           NV,17.27,"22612088   22612088         89109
RESTAURANT
AplPay ARIA
LAS VEGAS
NV
RESTAURANT
22612088         89109",AplPay ARIA         LAS VEGAS           NV,3730 LAS VEGAS BLVD SOUTH,"LAS VEGAS
NV",89158-4300,UNITED STATES,'320231950362376027',Restaurant-Restaurant
07/14/2023,AplPay CANONICA PRI NEWARK              NJ,7.04,"53200206    201-360-2053
AplPay CANONICA PRI LLC 0000
NEWARK
NJ
Description : VARIETY STORE Price : 0.00
201-360-2053",AplPay CANONICA PRI NEWARK              NJ,2 BREWSTER RD,"NEWARK
NJ",07114,UNITED STATES,'320231950365668270',Merchandise & Supplies-General Retail
07/14/2023,AplPay LYFT         855-280-0278        CA,64.97,"NT_OGFNTVSW1833687514812670994104
LEDGER
AplPay LYFT
855-280-0278
CA
LEDGER
1833687514812670994104",AplPay LYFT         855-280-0278        CA,185 BERRY ST STE 5000,"SAN FRANCISCO
CA",94107,UNITED STATES,'320231950363389393',Transportation-Taxis & Coach
07/13/2023,6802171 - SORA SUSHINEWARK              NJ,23.68,"RESTAURANT
6802171 - SORA SUSHI TERM B 46461
NEWARK
NJ
RESTAURANT",6802171 - SORA SUSHINEWARK              NJ,"NEWARK LIBERTY INT ARPRT
TERMINAL B SPACE B8C","NEWARK
NJ",07114,UNITED STATES,'320231950370570915',Other-Miscellaneous
07/13/2023,ARIA - MAIN BAR     LAS VEGAS           NV,40.00,"22491790   22491790         89109
RESTAURANT
ARIA - MAIN BAR
LAS VEGAS
NV
RESTAURANT
22491790         89109",ARIA - MAIN BAR     LAS VEGAS           NV,3730 SOUTH LAS VEGAS BLVD,"LAS VEGAS
NV",89158-4300,UNITED STATES,'320231950362984328',Restaurant-Restaurant
07/13/2023,ARIA - SUNDRIES EXPRLAS VEGAS           NV,9.78,"578024     578024           89109
ALTOIDSARTICWINTERGREEN8  8
QUESTBARCHOCCHIPCOOKIEDOUGDOUG
ARIA - SUNDRIES EXPRESS
LAS VEGAS
NV
ALTOIDSARTICWINTERGREEN8  8
QUESTBARCHOCCHIPCOOKIEDOUGDOUG
578024           89109",ARIA - SUNDRIES EXPRLAS VEGAS           NV,3730 LAS VEGAS BLVD SOUTH,"LAS VEGAS
NV",89158-4300,UNITED STATES,'320231950362104824',Merchandise & Supplies-General Retail
07/13/2023,AplPay A Fresh AttrcLAS VEGAS           NV,3.24,"804472346238044723462395879 89111
AplPay A Fresh Attrc Cart LAS 1596150004
LAS VEGAS
NV
8044723462395879 89111",AplPay A Fresh AttrcLAS VEGAS           NV,5757 WAYNE NEWTON BLVD,"LAS VEGAS
NV",89111-8037,UNITED STATES,'320231950367317261',Restaurant-Bar & Café
07/13/2023,AplPay PRESSED JUICELAS VEGAS           NV,10.50,"381629534   3104777171
AplPay PRESSED JUICERY - LAS 000000001
LAS VEGAS
NV
3104777171",AplPay PRESSED JUICELAS VEGAS           NV,3730 LAS VEGAS BLVD SOUTH,"LAS VEGAS
NV",89158,UNITED STATES,'320231950367817751',Restaurant-Bar & Café
07/13/2023,AplPay STARBUCKS    800-782-7282        WA,25.00,"2LoS4bxxGFm 8007827282
AplPay STARBUCKS
800-782-7282
WA
Description : FAST FOOD REST. Price : 0.25
8007827282",AplPay STARBUCKS    800-782-7282        WA,2401 UTAH AVE SOUTH STE 800,"SEATTLE
WA",98134,UNITED STATES,'320231950362804770',Restaurant-Bar & Café
07/13/2023,AplPay VENDINGCUSTOMCHULA VISTA         CA,15.00,"10156320230 6197108160
AplPay VENDINGCUSTOMERSERVICE.CO 650000010
CHULA VISTA
CA
Description : ELECTRONICS STORES Price : 0.15
6197108160",AplPay VENDINGCUSTOMCHULA VISTA         CA,806 STARBOARD ST,"CHULA VISTA
CA",91914,UNITED STATES,'320231950355687377',Merchandise & Supplies-Electronics Stores
07/13/2023,ONLINE PAYMENT - THANK YOU,-2340.60,ONLINE PAYMENT - THANK YOU,ONLINE PAYMENT - THANK YOU,,,,,'320231940328065152',
07/13/2023,THALES/SPIRIT INFLYTMELBOURNE           FL,19.99,"00986268   3411544          32901
CABLE/BROADCAST SVC
THALES/SPIRIT INFLYT
MELBOURNE
FL
CABLE/BROADCAST SVC
3411544          32901",THALES/SPIRIT INFLYTMELBOURNE           FL,1110 WEST HIBISCUS BLVD,"MELBOURNE
FL",32901,UNITED STATES,'320231950374591137',Entertainment-Other Entertainment
07/12/2023,AplPay BENVENUTO TRINEW YORK            NY,32.99,"38600549    212-219-2373
AplPay BENVENUTO TRIBECA CAFE 0000
NEW YORK
NY
Description : FOOD/BEVERAGE Price : 0.00
212-219-2373",AplPay BENVENUTO TRINEW YORK            NY,369 GREENWICH ST,"NEW YORK
NY",10013,UNITED STATES,'320231940340441549',Restaurant-Restaurant
07/12/2023,AplPay MORGAN'S MARKNEW YORK            NY,10.59,"00022976    212-964-4283
AplPay MORGAN'S MARKET. 0001
NEW YORK
NY
Description : GENERAL MERCH Price : 0.00
212-964-4283",AplPay MORGAN'S MARKNEW YORK            NY,13 HUDSON ST,"NEW YORK
NY",10013,UNITED STATES,'320231940348845133',Other-Miscellaneous
07/12/2023,AplPay NYCT PAYGO   NEW YORK            NY,2.75,"00681525361 LOCAL TRANSPORTATION
AplPay NYCT PAYGO
NEW YORK
NY
LOCAL TRANSPORTATION",AplPay NYCT PAYGO   NEW YORK            NY,"ATTN NYCT CONTROLLER
2 BROADWAY 15TH FLOOR","NEW YORK
NY",10004,UNITED STATES,'320231940338306318',Transportation-Rail Services
07/12/2023,LATE FEE,40.00,LATE FEE,LATE FEE,,,,,'320231933327272920',Fees & Adjustments-Fees & Adjustments
07/12/2023,OPS*HIRSELDRY303GREENEW YORK            NY,4.50,"00533900001 9172994602
OPS*HIRSELDRY303GREENWICH 000000128
NEW YORK
NY
Description : LAUNDRY(SELF) Price : 0.045
9172994602",OPS*HIRSELDRY303GREENEW YORK            NY,6961 78TH ST,"MIDDLE VILLAGE
NY",11379,UNITED STATES,'320231940341336330',Business Services-Professional Services
07/11/2023,AplPay BENVENUTO TRINEW YORK            NY,24.93,"38500135    212-219-2373
AplPay BENVENUTO TRIBECA CAFE 0000
NEW YORK
NY
Description : FOOD/BEVERAGE Price : 0.00
212-219-2373",AplPay BENVENUTO TRINEW YORK            NY,369 GREENWICH ST,"NEW YORK
NY",10013,UNITED STATES,'320231930315249315',Restaurant-Restaurant
07/11/2023,AplPay JOE & THE JUINEW YORK            NY,5.25,"######K3wV9 RESTAURANT
AplPay JOE & THE JUICE NEW YORK LLC
NEW YORK
NY
RESTAURANT",AplPay JOE & THE JUINEW YORK            NY,110 GREENE ST,"NEW YORK
NY",10012,UNITED STATES,'320231920280037737',Restaurant-Restaurant
07/11/2023,AplPay NYCT PAYGO   NEW YORK            NY,2.75,"00681308894 LOCAL TRANSPORTATION
AplPay NYCT PAYGO
NEW YORK
NY
LOCAL TRANSPORTATION",AplPay NYCT PAYGO   NEW YORK            NY,"ATTN NYCT CONTROLLER
2 BROADWAY 15TH FLOOR","NEW YORK
NY",10004,UNITED STATES,'320231930313962084',Transportation-Rail Services
07/11/2023,AplPay NYCT PAYGO   NEW YORK            NY,2.75,"00681320063 LOCAL TRANSPORTATION
AplPay NYCT PAYGO
NEW YORK
NY
LOCAL TRANSPORTATION",AplPay NYCT PAYGO   NEW YORK            NY,"ATTN NYCT CONTROLLER
2 BROADWAY 15TH FLOOR","NEW YORK
NY",10004,UNITED STATES,'320231930314149837',Transportation-Rail Services
07/11/2023,AplPay NYCT PAYGO   NEW YORK            NY,2.75,"00681249730 LOCAL TRANSPORTATION
AplPay NYCT PAYGO
NEW YORK
NY
LOCAL TRANSPORTATION",AplPay NYCT PAYGO   NEW YORK            NY,"ATTN NYCT CONTROLLER
2 BROADWAY 15TH FLOOR","NEW YORK
NY",10004,UNITED STATES,'320231930315493543',Transportation-Rail Services
07/11/2023,OPS*HIRSELDRY303GREENEW YORK            NY,4.50,"00615200001 9172994602
OPS*HIRSELDRY303GREENWICH 000000128
NEW YORK
NY
Description : LAUNDRY(SELF) Price : 0.045
9172994602",OPS*HIRSELDRY303GREENEW YORK            NY,6961 78TH ST,"MIDDLE VILLAGE
NY",11379,UNITED STATES,'320231930314423539',Business Services-Professional Services
07/11/2023,SHUKA 38 MACDOUGAL SNEW YORK            NY,61.00,"31089093193 2124757500
SHUKA 38 MACDOUGAL ST
NEW YORK
NY
2124757500",SHUKA 38 MACDOUGAL SNEW YORK            NY,38 MACDOUGAL ST,"NEW YORK
NY",10012,UNITED STATES,'320231930315588677',Restaurant-Restaurant
07/10/2023,AVIS RENT A CAR     NEW YORK            NY,655.09,"R/A# 475886180   800-352-7900
AVIS RENT A CAR
NEW YORK
NY",AVIS RENT A CAR     NEW YORK            NY,"SEND ALL MAIL TO
CORRFIN ADDRESS","GARDEN CITY
NY",11530,UNITED STATES,'320231920296099466',Travel-Vehicle Rental
07/10/2023,AplPay EXXONMOBIL 47NEW MILFORD         PA,19.57,"00027335   00246320         18834
420
431
440
450
AplPay EXXONMOBIL 4757
NEW MILFORD
PA
420
431
440
450
00246320         18834",AplPay EXXONMOBIL 47NEW MILFORD         PA,-,"(800) 243-9966
TX",77389,UNITED STATES,'320231920294128236',Transportation-Fuel
07/10/2023,AplPay NYCT PAYGO   NEW YORK            NY,2.75,"00681118562 LOCAL TRANSPORTATION
AplPay NYCT PAYGO
NEW YORK
NY
LOCAL TRANSPORTATION",AplPay NYCT PAYGO   NEW YORK            NY,"ATTN NYCT CONTROLLER
2 BROADWAY 15TH FLOOR","NEW YORK
NY",10004,UNITED STATES,'320231920291045112',Transportation-Rail Services
07/10/2023,EXXONMOBIL 4757     NEW MILFORD         PA,26.52,"00027325    570-465-4070
EXXONMOBIL 4757
NEW MILFORD
PA
Description : 001 Price : 0.00
570-465-4070",EXXONMOBIL 4757     NEW MILFORD         PA,-,"(800) 243-9966
TX",77389,UNITED STATES,'320231920294115740',Transportation-Fuel
07/09/2023,AplPay EXXONMOBIL 48HAMBURG             NY,8.56,"00967255   01175024         14075
400
AplPay EXXONMOBIL 4831
HAMBURG
NY
400
01175024         14075",AplPay EXXONMOBIL 48HAMBURG             NY,-,"(800) 243-9966
TX",77389,UNITED STATES,'320231910266100044',Transportation-Fuel
07/09/2023,EXXONMOBIL 4831     HAMBURG             NY,31.32,"00967252    716-648-4195
EXXONMOBIL 4831
HAMBURG
NY
Description : 001 Price : 0.00
716-648-4195",EXXONMOBIL 4831     HAMBURG             NY,-,"(800) 243-9966
TX",77389,UNITED STATES,'320231910267651409',Transportation-Fuel
07/09/2023,GLEN OAK GOLF CLUB 0EAST AMHERST        NY,10.00,"31099533190 PUBLIC GOLF COURSE
GLEN OAK GOLF CLUB 00-08079528371
EAST AMHERST
NY
PUBLIC GOLF COURSE",GLEN OAK GOLF CLUB 0EAST AMHERST        NY,711 SMITH RD,"EAST AMHERST
NY",14051-1102,UNITED STATES,'320231910268982673',Entertainment-Associations
07/08/2023,AplPay SP HOOOYI    DENVER              CO,29.81,"NT_OEGAKYUI +13037328232
AplPay SP HOOOYI
DENVER
CO
+13037328232",AplPay SP HOOOYI    DENVER              CO,7813 RARITAN ST,"DENVER
CO",80221,UNITED STATES,'320231900247932802',Merchandise & Supplies-Clothing Stores
07/07/2023,AplPay LYFT         855-280-0278        CA,8.57,"NT_ODGVQ9VE(NONE)           94104
LEDGER
AplPay LYFT
855-280-0278
CA
LEDGER
(NONE)           94104",AplPay LYFT         855-280-0278        CA,185 BERRY ST STE 5000,"SAN FRANCISCO
CA",94107,UNITED STATES,'320231880188812219',Transportation-Taxis & Coach
07/07/2023,AplPay NYCT PAYGO   NEW YORK            NY,2.75,"00680536288 LOCAL TRANSPORTATION
AplPay NYCT PAYGO
NEW YORK
NY
LOCAL TRANSPORTATION",AplPay NYCT PAYGO   NEW YORK            NY,"ATTN NYCT CONTROLLER
2 BROADWAY 15TH FLOOR","NEW YORK
NY",10004,UNITED STATES,'320231890223632222',Transportation-Rail Services
07/07/2023,AplPay SPEEDWAY     1-800-643-1948      OH,17.92,"000799280016077392381
SERVICE STATION
AplPay SPEEDWAY
1-800-643-1948
OH
SERVICE STATION
6077392381",AplPay SPEEDWAY     1-800-643-1948      OH,500 SPEEDWAY DR,"ENON
OH",45323-1056,UNITED STATES,'320231890219400427',Transportation-Fuel
07/07/2023,AplPay STARBUCKS    800-782-7282        WA,25.00,"2GZAU53O8PM GIFT CARD
AplPay STARBUCKS
800-782-7282
WA
GIFT CARD",AplPay STARBUCKS    800-782-7282        WA,2401 UTAH AVE SOUTH STE 800,"SEATTLE
WA",98134,UNITED STATES,'320231880186600951',Restaurant-Bar & Café
07/06/2023,30827 NYSC WEST 16THNEW YORK            NY,110.69,"34910163188 2126270065
30827 NYSC WEST 16TH ST 30827 NYSC WES
NEW YORK
NY
2126270065",30827 NYSC WEST 16THNEW YORK            NY,128 8TH AVE,"NEW YORK
NY",10011-0000,UNITED STATES,'320231880187177442',Entertainment-Associations
07/06/2023,AplPay BENVENUTO TRINEW YORK            NY,25.54,"38000480    212-219-2373
AplPay BENVENUTO TRIBECA CAFE 0000
NEW YORK
NY
Description : FOOD/BEVERAGE Price : 0.00
212-219-2373",AplPay BENVENUTO TRINEW YORK            NY,369 GREENWICH ST,"NEW YORK
NY",10013,UNITED STATES,'320231880195525923',Restaurant-Restaurant
07/06/2023,AplPay MORGAN'S MARKNEW YORK            NY,62.00,"00042337    212-964-4283
AplPay MORGAN'S MARKET. 0001
NEW YORK
NY
Description : GENERAL MERCH Price : 0.00
212-964-4283",AplPay MORGAN'S MARKNEW YORK            NY,13 HUDSON ST,"NEW YORK
NY",10013,UNITED STATES,'320231880203225415',Other-Miscellaneous
07/06/2023,AplPay NYCT PAYGO   NEW YORK            NY,2.75,"00680453931 LOCAL TRANSPORTATION
AplPay NYCT PAYGO
NEW YORK
NY
LOCAL TRANSPORTATION",AplPay NYCT PAYGO   NEW YORK            NY,"ATTN NYCT CONTROLLER
2 BROADWAY 15TH FLOOR","NEW YORK
NY",10004,UNITED STATES,'320231880194721770',Transportation-Rail Services
07/06/2023,AplPay NYCT PAYGO   NEW YORK            NY,2.75,"00680507184 LOCAL TRANSPORTATION
AplPay NYCT PAYGO
NEW YORK
NY
LOCAL TRANSPORTATION",AplPay NYCT PAYGO   NEW YORK            NY,"ATTN NYCT CONTROLLER
2 BROADWAY 15TH FLOOR","NEW YORK
NY",10004,UNITED STATES,'320231880196079690',Transportation-Rail Services
07/06/2023,AplPay NYCT PAYGO   NEW YORK            NY,2.75,"00680357436 LOCAL TRANSPORTATION
AplPay NYCT PAYGO
NEW YORK
NY
LOCAL TRANSPORTATION",AplPay NYCT PAYGO   NEW YORK            NY,"ATTN NYCT CONTROLLER
2 BROADWAY 15TH FLOOR","NEW YORK
NY",10004,UNITED STATES,'320231880198631810',Transportation-Rail Services
07/06/2023,METROCARD/AIRTRAIN  NEW YORK            NY,11.00,"07350748942 LOCAL TRANSPORTATION
METROCARD/AIRTRAIN
NEW YORK
NY
LOCAL TRANSPORTATION",METROCARD/AIRTRAIN  NEW YORK            NY,2 BROADWAY B15 123,"NEW YORK
NY",10004-5106,UNITED STATES,'320231880189556084',Transportation-Rail Services
07/05/2023,AMERICAN AIRLINES 05SAN FRANCISCO       CA,30.00,"20230706    AA.COM
EXCESS BAGGAGE
AMERICAN AIRLINES 05106102
SAN FRANCISCO
CA
Carrier : AMERICAN AIRLINES
Passenger Name : HUIBREGTSE/CLYDE
Ticket Number : 0010262486292
Departure Day : 07/05
Additional Info : EXCESS BAGGAGE",AMERICAN AIRLINES 05SAN FRANCISCO       CA,1 SKYVIEW DR,"FORT WORTH
TX",76155,UNITED STATES,'320231870169931693',Travel-Airline
07/05/2023,AplPay SFO 0956A MilSan Francisco       CA,21.80,"7449       7449             94128
AplPay SFO 0956A Mills Cargo 1599695000
San Francisco
CA
7449             94128",AplPay SFO 0956A MilSan Francisco       CA,SAN FRANCISCO INT AIRPORT,"SAN FRANCISCO
CA",94128,UNITED STATES,'320231870171477225',Merchandise & Supplies-General Retail
07/04/2023,AplPay BLENDID      San Francisco       CA,9.23,"R4MqubCz9zy squareup.com/receipts
AplPay BLENDID
San Francisco
CA
squareup.com/receipts",AplPay BLENDID      San Francisco       CA,150 GREENWICH ST,"SAN FRANCISCO
CA",94111,UNITED STATES,'320231850118711368',Other-Miscellaneous
07/04/2023,AplPay MISSION DISTRSan Francisco       CA,20.91,"H7w45Zv5Z79 squareup.com/receipts
AplPay MISSION DISTRICT
San Francisco
CA
squareup.com/receipts",AplPay MISSION DISTRSan Francisco       CA,3150 24TH ST,"SAN FRANCISCO
CA",94110,UNITED STATES,'320231850135280117',Restaurant-Restaurant
07/04/2023,AplPay WALGREENS    SAN FRANCISCO       CA,61.88,"99999993186NONE             94110
PHARMACIES
AplPay WALGREENS
SAN FRANCISCO
CA
PHARMACIES
NONE             94110",AplPay WALGREENS    SAN FRANCISCO       CA,2690 MISSION ST,"SAN FRANCISCO
CA",94110,UNITED STATES,'320231860148504505',Merchandise & Supplies-Pharmacies
07/03/2023,AplPay CLIPPER SYSTECONCORD             CA,20.00,"00117678498 8778788883
AplPay CLIPPER SYSTEMS MOBILE #1 000007046
CONCORD
CA
Description : REFER TO RECEIPT Price : 0.00
8778788883",AplPay CLIPPER SYSTECONCORD             CA,"STE 900
1800 SUTTER ST","CONCORD
CA",94520,UNITED STATES,'320231860145737962',Other-Government Services
07/03/2023,AplPay WALGREENS    SAN FRANCISCO       CA,21.11,"99999993185 8002892273
AplPay WALGREENS
SAN FRANCISCO
CA
Description : PHARMACIES Price : 0.2111
8002892273",AplPay WALGREENS    SAN FRANCISCO       CA,"300 MONTGOMERY ST
STE 628","SAN FRANCISCO
CA",94104-1908,UNITED STATES,'320231850125440068',Merchandise & Supplies-Pharmacies
07/02/2023,AplPay BT*DD *DOORDASAN FRANCISCO       CA,28.45,"J2NPDC6X    8559731040
AplPay BT*DD *DOORDASH GYROSANDT
SAN FRANCISCO
CA
8559731040",AplPay BT*DD *DOORDASAN FRANCISCO       CA,303 2ND ST STE 800,"SAN FRANCISCO
CA",94107,UNITED STATES,'320231830069014007',Restaurant-Restaurant
07/02/2023,AplPay MISSION DISTRSan Francisco       CA,21.68,"jr7xTRMIqfq squareup.com/receipts
AplPay MISSION DISTRICT
San Francisco
CA
squareup.com/receipts",AplPay MISSION DISTRSan Francisco       CA,3150 24TH ST,"SAN FRANCISCO
CA",94110,UNITED STATES,'320231830072358826',Restaurant-Restaurant
07/02/2023,AplPay ROSAMUNDE SAUSan Francisco       CA,32.38,"xqVUdFXK3PA squareup.com/receipts
AplPay ROSAMUNDE SAUSAGE GRILL
San Francisco
CA
squareup.com/receipts",AplPay ROSAMUNDE SAUSan Francisco       CA,2832 MISSION ST,"SAN FRANCISCO
CA",94110,UNITED STATES,'320231830088015872',Restaurant-Bar & Café
07/02/2023,AplPay THE MISSION GSAN FRANCISC        CA,107.11,"000060300   4158298755
AplPay THE MISSION GROCERY OUTL 0000000003
SAN FRANCISC
CA
4158298755",AplPay THE MISSION GSAN FRANCISC        CA,1245 SOUTH VAN NESS AVE,"SAN FRANCISCO
CA",94110,UNITED STATES,'320231840096568509',Merchandise & Supplies-Groceries
07/01/2023,AplPay MISSION DISTRSan Francisco       CA,17.12,"r9wYn3iMH8Y squareup.com/receipts
AplPay MISSION DISTRICT
San Francisco
CA
squareup.com/receipts",AplPay MISSION DISTRSan Francisco       CA,3150 24TH ST,"SAN FRANCISCO
CA",94110,UNITED STATES,'320231820046950777',Restaurant-Restaurant
07/01/2023,AplPay SOUTH VAN NESSAN FRANCISCO       CA,19.98,"31099533181 MISC FOOD STORE
AplPay SOUTH VAN NESS MARKET INC 00-080393
SAN FRANCISCO
CA
MISC FOOD STORE",AplPay SOUTH VAN NESSAN FRANCISCO       CA,999 SOUTH VAN NESS AVE,"SAN FRANCISCO
CA",94110-2613,UNITED STATES,'320231820053364141',Merchandise & Supplies-Groceries
07/01/2023,BLVD   *FELLOW BARBESAN FRANCISCO       CA,67.60,"99999993183 2123654161
BLVD   *FELLOW BARBER MIS 000000732
SAN FRANCISCO
CA
Description : BEAUTY & BARBER Price : 0.676
2123654161",BLVD   *FELLOW BARBESAN FRANCISCO       CA,696 VALENCIA ST,"SAN FRANCISCO
CA",94110,UNITED STATES,'320231830081027122',Business Services-Other Services
07/01/2023,CHIPOTLE ONLINE     NEWPORT BEACH       CA,19.86,"3293       3293             92660
FAST FOOD RESTAURANT
CHIPOTLE ONLINE
NEWPORT BEACH
CA
FAST FOOD RESTAURANT
3293             92660",CHIPOTLE ONLINE     NEWPORT BEACH       CA,1401 WYNKOOP ST STE 500,"DENVER
CO",80202,UNITED STATES,'320231820055427667',Restaurant-Bar & Café
06/30/2023,AplPay THE HALAL GUYSANTA CLARA         CA,15.49,"35074937   10387776         95054
RESTAURANT
AplPay THE HALAL GUYS
SANTA CLARA
CA
RESTAURANT
10387776         95054",AplPay THE HALAL GUYSANTA CLARA         CA,2526 AUGUSTINE DR,"SANTA CLARA
CA",95054,UNITED STATES,'320231810025308011',Restaurant-Restaurant
06/30/2023,CLEARWATER CARWASH -MOUNTAIN VIEW       CA,16.00,"99999993182 6507991211
CLEARWATER CARWASH - CA 000000001
MOUNTAIN VIEW
CA
6507991211",CLEARWATER CARWASH -MOUNTAIN VIEW       CA,466 STIERLIN RD,"MOUNTAIN VIEW
CA",94043-4622,UNITED STATES,'320231820054187713',Business Services-Other Services
06/29/2023,AplPay A&A GAS      BURLINGAME          CA,15.21,"00057070    510-396-5560
AplPay A&A GAS
BURLINGAME
CA
Description : GAS/SERVICES Price : 0.00
510-396-5560",AplPay A&A GAS      BURLINGAME          CA,1100 BROAD WAY,"BURLINGAME
CA",94010,UNITED STATES,'320231810032987977',Transportation-Fuel
06/29/2023,SPEEDWAY 4857 SPWY65SAN FRANCISCO       CA,49.14,"501000043   0000000000
SPEEDWAY 4857 SPWY65830201
SAN FRANCISCO
CA
Description : GAS/OIL Price : 0.4914
0000000000",SPEEDWAY 4857 SPWY65SAN FRANCISCO       CA,19100 RIDGEWOOD PKWY,"SAN ANTONIO
TX",78259-1834,UNITED STATES,'320231810025142242',Transportation-Fuel
06/28/2023,AplPay SAFEWAY      SANTA CLARA         CA,78.60,"0080931     800-898-4027
AplPay SAFEWAY
SANTA CLARA
CA
Description : GROCERIES/SUNDRIES Price : 0.00
800-898-4027",AplPay SAFEWAY      SANTA CLARA         CA,3970 RIVERMARK PLZ,"SANTA CLARA
CA",95054,UNITED STATES,'320231800998156322',Merchandise & Supplies-Groceries
06/28/2023,AplPay WHOLEFDS SCA SANTA CLARA         CA,19.28,"0GQ6DMYINV1 8777445300
AplPay WHOLEFDS SCA #10633 000010633
SANTA CLARA
CA
Description : GROCERY STORES Price : 0.1928
8777445300",AplPay WHOLEFDS SCA SANTA CLARA         CA,2732 AUGUSTINE DR STE 1600,"SANTA CLARA
CA",95054,UNITED STATES,'320231800005522377',Merchandise & Supplies-Groceries
06/27/2023,AMERICAN AIRLINES   800-433-7300        TX,233.90,"20230627    AMERICAN AIR
PASSENGER TICKET
AMERICAN AIRLINES
800-433-7300
TX
Carrier : American Airlines
Passenger Name : HUIBREGTSE/CLYDE
Ticket Number : 0012458743885
Departure Day : 07/05
Additional Info : PASSENGER TICKET
From : SAN FRANCISCO INTL
To : N.Y. J F KENNEDY I
Class : B",AMERICAN AIRLINES   800-433-7300        TX,1 SKYVIEW DR,"FORT WORTH
TX",76155,UNITED STATES,'320231780945969076',Travel-Airline
06/27/2023,AplPay BT*DD *DOORDASAN FRANCISCO       CA,26.85,"1GJ7CNJY    8559731040
AplPay BT*DD *DOORDASH GYROXPRES
SAN FRANCISCO
CA
8559731040",AplPay BT*DD *DOORDASAN FRANCISCO       CA,303 2ND ST STE 800,"SAN FRANCISCO
CA",94107,UNITED STATES,'320231780947295240',Restaurant-Restaurant
06/27/2023,EDREAMS 348577891   MADRID              ES,133.22,"20089146920 TRAVEL AGENCY
EDREAMS 348577891
MADRID
ES
TRAVEL AGENCY",EDREAMS 348577891   MADRID              ES,"3390 MARY STREET
SUITE 116
COCONUT GROVE","MIAMI
FL",33133,UNITED STATES,'320231790980603687',Travel-Travel Agencies
06/27/2023,EDREAMS 348577891   MADRID              ES,173.88,"20089147069 TRAVEL AGENCY
EDREAMS 348577891
MADRID
ES
TRAVEL AGENCY",EDREAMS 348577891   MADRID              ES,"3390 MARY STREET
SUITE 116
COCONUT GROVE","MIAMI
FL",33133,UNITED STATES,'320231790980613920',Travel-Travel Agencies
06/25/2023,AplPay BT*DD *DOORDASAN FRANCISCO       CA,48.22,"KGQYVZ1H    8559731040
AplPay BT*DD *DOORDASH CHAATCORN
SAN FRANCISCO
CA
8559731040",AplPay BT*DD *DOORDASAN FRANCISCO       CA,303 2ND ST STE 800,"SAN FRANCISCO
CA",94107,UNITED STATES,'320231760898117148',Restaurant-Restaurant
06/25/2023,AplPay CLIPPER SYSTECONCORD             CA,20.00,"00114097692 8778788883
AplPay CLIPPER SYSTEMS MOBILE #1 000007046
CONCORD
CA
Description : REFER TO RECEIPT Price : 0.00
8778788883",AplPay CLIPPER SYSTECONCORD             CA,"STE 900
1800 SUTTER ST","CONCORD
CA",94520,UNITED STATES,'320231780948281740',Other-Government Services
06/25/2023,AplPay MISSION DISTRSan Francisco       CA,27.52,"FYnMBhwU3mY squareup.com/receipts
AplPay MISSION DISTRICT
San Francisco
CA
squareup.com/receipts",AplPay MISSION DISTRSan Francisco       CA,3150 24TH ST,"SAN FRANCISCO
CA",94110,UNITED STATES,'320231760900307370',Restaurant-Restaurant
06/24/2023,AplPay MISSION DISTRSan Francisco       CA,20.93,"5EoyCT8yiaN squareup.com/receipts
AplPay MISSION DISTRICT
San Francisco
CA
squareup.com/receipts",AplPay MISSION DISTRSan Francisco       CA,3150 24TH ST,"SAN FRANCISCO
CA",94110,UNITED STATES,'320231750877752483',Restaurant-Restaurant